ID oferta,Rut compa√±ia,Rut postulante
15056,77683405-K,20.571.458-0
22108,77639875-6,21.261.503-8
79893,77553246-7,21.690.322-3
49029,77628103-4,21.341.752-3
95015,77637982-4,20.076.272-2
43458,77644431-6,19.401.730-7
47998,77593445-K,21.212.666-0
38411,77667905-4,18.295.605-6
20294,77689769-8,18.244.173-6
2714,77563929-6,20.824.361-3
55182,77632278-4,19.292.657-5
51935,77609243-6,18.991.049-9
39871,77603472-K,19.619.927-4
38196,77553309-9,18.900.030-K
88915,77523256-0,18.900.030-K
88613,77667351-K,20.348.374-4
57711,77623818-K,19.533.220-4
21289,77643801-4,19.526.789-5
42869,77547371-1,20.099.119-2
22249,77581064-5,20.996.147-0
23345,77557311-2,20.408.162-3
30469,77672384-3,20.286.465-9
25726,77632841-3,20.274.319-8
89124,77541044-2,18.560.509-7
12008,77673705-4,21.250.049-0
9282,77559071-8,19.715.311-5
44036,77665588-0,19.710.333-9
79739,77634474-5,20.903.848-1
63688,77676405-1,20.505.429-8
23254,77564702-7,19.207.021-K
30556,77582452-2,20.616.338-9
40619,77656558-K,18.741.203-1
71654,77679747-2,20.186.015-0
37588,77624646-8,19.675.380-K
26584,77545759-7,19.675.380-K
82619,77553067-7,20.995.978-5
13062,77654803-0,20.995.978-5
96420,77548846-8,21.690.381-5
93375,77618165-K,18.641.418-2
89837,77660544-1,21.603.095-3
10026,77667642-K,19.271.180-8
41409,77575973-9,18.851.033-7
42362,77595014-5,21.340.317-1
29666,77535647-2,21.340.317-1
3260,77580419-K,20.951.648-K
15310,77508947-4,18.403.336-5
35905,77631714-4,19.850.133-6
49974,77593445-K,18.411.371-3
8669,77625418-5,18.710.577-2
1601,77545469-5,20.405.784-5
50846,77524413-5,18.139.585-5
61678,77529133-8,20.927.134-1
26878,77643801-4,18.140.742-3
18032,77523256-0,20.323.867-4
27953,77547893-4,20.323.867-4
69938,77511648-K,20.596.290-6
642,77503168-9,18.415.534-2
20409,77572184-7,20.701.397-K
87130,77553246-7,20.113.210-7
16801,77533604-8,19.508.963-0
31203,77505442-5,19.452.025-K
63263,77523263-3,18.885.727-3
28974,77689769-8,20.674.314-1
22488,77543182-2,19.330.821-8
89046,77588426-6,18.956.291-2
52157,77563357-3,18.441.708-8
59871,77505442-5,18.737.730-0
39692,77686641-5,21.537.996-3
96285,77513003-2,20.721.059-3
51882,77572148-0,20.431.792-K
46678,77581064-5,21.732.310-0
42848,77554896-7,20.002.929-2
8008,77676101-K,19.818.286-7
22527,77661842-K,21.643.951-5
9156,77533626-9,18.265.157-3
88613,77667351-K,19.380.036-5
59590,77637432-6,21.166.155-9
38199,77593445-K,18.743.577-3
39546,77505835-8,20.143.246-7
13465,77506168-5,20.555.331-1
51300,77621065-K,19.043.569-7
29948,77532291-8,18.050.532-8
10553,77545759-7,18.478.761-K
60690,77657321-3,19.556.444-K
96054,77555861-K,18.454.662-2
28517,77532489-9,19.561.232-0
86303,77643858-8,21.467.093-5
55633,77593445-K,18.942.622-9
45599,77534442-3,18.896.253-2
98029,77667905-4,18.724.909-K
25400,77549211-2,19.633.383-5
92275,77538394-1,19.044.871-4
1701,77630972-9,18.865.279-9
43579,77557017-2,19.833.394-6
13461,77643984-3,18.094.778-6
17595,77543398-1,20.971.178-5
11160,77657456-2,20.971.178-5
44056,77580499-8,21.695.722-0
87274,77632596-1,19.375.629-2
95155,77588264-6,19.133.175-5
91393,77644362-K,20.329.410-1
53358,77524014-8,18.095.224-2
55252,77602156-3,21.404.324-5
93500,77503168-9,20.573.251-2
57595,77579363-5,21.084.657-4
61314,77629078-5,20.157.145-1
24751,77607577-9,19.245.936-6
6368,77621617-8,19.388.697-4
25726,77632841-3,20.855.549-2
23870,77505442-5,19.294.552-8
32692,77676405-1,19.343.033-1
14192,77566723-0,18.160.331-K
5034,77632887-1,20.930.377-K
95460,77619588-K,18.298.048-3
3114,77551477-9,18.298.048-3
25760,77520216-5,18.440.344-0
78921,77532375-2,20.781.622-K
2303,77621617-8,19.936.768-7
12124,77683023-2,18.334.996-8
26501,77632056-0,20.910.208-1
28207,77625305-7,21.153.077-4
11,77519666-1,18.025.441-1
84566,77602768-5,21.426.528-4
6546,77555701-K,21.978.393-0
81925,77639779-2,18.016.087-3
54891,77515851-4,19.003.657-K
18913,77679393-0,20.257.201-8
42907,77629975-8,20.788.231-9
74021,77570728-3,21.324.908-8
28742,77593445-K,20.574.221-6
6587,77593741-6,19.495.141-8
29876,77586081-2,19.152.589-8
38689,77599467-3,20.951.911-7
25988,77503592-7,20.138.548-9
94306,77632887-1,19.351.634-3
65263,77510418-K,20.039.847-7
35053,77639587-0,20.801.875-2
58392,77616941-2,20.367.379-2
11055,77582843-9,18.533.981-0
55033,77544394-4,20.563.824-5
94438,77619149-3,20.539.356-1
96636,77525969-8,18.242.214-6
79730,77593504-9,20.223.575-1
38695,77621617-8,20.324.680-1
55003,77644555-K,20.854.286-7
84853,77563717-K,18.800.977-2
68056,77605995-1,18.870.929-K
46828,77567463-6,19.573.735-5
53108,77681408-3,18.039.335-4
44767,77526896-4,18.323.118-8
38551,77579012-1,19.378.612-K
70056,77630773-4,18.859.306-0
44500,77544394-4,18.459.568-4
27903,77572148-0,20.880.483-8
21790,77663658-4,20.880.483-8
25760,77520216-5,18.727.050-4
61695,77541044-2,18.661.437-2
55938,77564449-4,19.487.501-1
66491,77630862-5,19.487.501-1
54515,77593308-9,20.864.744-9
99739,77609865-5,21.876.033-9
56496,77688776-5,20.572.935-1
4980,77629079-3,20.004.514-3
69934,77658235-2,20.434.774-6
38198,77530256-9,20.381.347-7
24779,77608853-6,18.002.132-6
82315,77621113-3,20.313.315-5
34185,77668159-8,18.685.142-9
69914,77559843-3,18.545.557-4
21788,77681523-3,19.780.242-4
38847,77566723-0,19.550.028-1
89260,77628508-0,20.790.843-K
59502,77684149-8,21.439.036-K
97538,77609614-8,19.183.969-0
27756,77637982-4,19.840.941-9
98212,77505997-4,18.657.370-8
30469,77672384-3,19.062.275-2
97623,77559071-8,18.996.413-3
55252,77602156-3,18.522.516-6
39179,77558545-5,20.719.752-7
58912,77631864-7,21.827.038-2
88613,77667351-K,20.393.485-9
32791,77553246-7,20.749.228-2
95024,77687179-6,18.550.290-2
99745,77620892-2,18.503.842-6
30035,77591864-0,20.370.490-2
37133,77684923-5,18.896.028-9
48142,77567193-9,19.980.316-4
75699,77585437-5,19.797.508-7
72985,77515431-4,18.069.821-2
94221,77532489-9,20.099.968-7
96115,77545681-7,20.829.788-7
15667,77631864-7,19.509.520-2
40701,77638629-4,19.262.389-7
33177,77684923-5,19.993.614-6
17240,77516705-K,21.277.413-5
12703,77576963-7,19.622.556-9
83364,77636114-3,20.399.214-9
6107,77679393-0,20.653.847-8
99084,77644264-K,19.454.594-1
3950,77660643-K,19.275.523-K
14158,77621958-4,19.935.180-1
39550,77540217-2,20.050.768-5
34038,77525792-K,19.288.692-4
19166,77513165-9,19.421.498-2
15529,77548167-6,20.480.885-0
14188,77596796-K,18.887.871-4
31600,77639779-2,20.944.627-4
57940,77632596-1,20.665.501-2
58136,77582139-6,20.291.556-2
78589,77506232-0,21.570.176-5
67739,77562017-K,18.354.430-1
61100,77584892-8,18.377.766-8
93917,77508084-1,19.026.826-8
2911,77660831-9,21.118.236-2
56032,77673701-1,20.735.193-1
69934,77658235-2,20.353.935-9
5856,77515938-3,19.136.426-4
90148,77588169-0,21.254.767-4
24274,77503592-7,18.476.996-8
26063,77622988-1,19.411.157-1
58809,77599084-8,20.609.199-K
47129,77513164-0,18.847.628-6
84114,77548167-6,18.674.695-6
2495,77522767-2,18.241.460-7
21764,77600801-K,20.009.945-9
21922,77678514-8,19.464.795-3
83219,77517883-3,19.431.357-7
90220,77552442-1,20.650.433-9
55861,77628103-4,18.877.034-2
97450,77532497-K,18.877.034-2
80842,77543398-1,19.079.276-8
89046,77588426-6,19.683.747-2
32843,77675416-1,18.831.941-5
85972,77610917-7,21.643.042-9
72382,77592763-1,20.258.467-8
1417,77681408-3,20.883.680-1
95460,77619588-K,18.876.017-8
26401,77657456-2,20.959.982-1
33979,77602507-0,19.892.495-8
9117,77545982-4,21.645.727-2
95578,77621815-4,19.168.664-4
31197,77562017-K,19.313.925-0
76063,77617103-4,19.552.246-K
65066,77591567-6,18.117.999-3
35538,77557017-2,18.117.999-3
53941,77543997-1,18.818.509-2
62515,77672608-7,19.170.025-6
79784,77644272-0,19.296.233-0
57892,77545681-7,18.967.142-K
19013,77503972-8,20.990.108-0
51110,77642212-6,20.353.868-4
89799,77585122-8,19.620.745-5
25400,77549211-2,20.044.087-4
95146,77611013-2,20.776.909-3
38989,77590206-K,20.276.061-0
7362,77595416-7,20.276.061-0
56628,77632592-9,18.348.750-6
46348,77562556-2,19.037.564-6
27290,77652653-3,19.980.862-1
49672,77685552-9,21.726.368-0
9992,77685236-8,20.459.884-0
56148,77504735-6,20.488.845-7
18757,77605912-9,21.424.083-7
9411,77632887-1,20.906.762-9
24766,77647057-0,18.639.584-0
83800,77534504-7,18.069.028-4
55423,77657456-2,21.885.269-2
94755,77637703-1,18.777.267-3
4561,77544394-4,18.777.267-3
95146,77611013-2,20.030.210-6
9121,77555283-2,20.935.935-0
3159,77667905-4,19.150.768-5
66679,77559247-8,20.636.162-4
59060,77539103-0,20.493.566-4
12124,77683023-2,21.549.838-2
35865,77633611-4,19.763.191-1
3114,77551477-9,19.613.435-5
20004,77600554-1,19.613.435-5
88262,77559086-6,18.761.540-1
22782,77513164-0,21.778.594-3
58912,77631864-7,18.391.113-2
30035,77591864-0,18.396.991-6
61695,77541044-2,18.449.399-8
77591,77532497-K,18.449.399-8
43746,77687143-5,20.816.369-5
39608,77592448-9,19.555.839-5
84960,77600721-8,19.555.839-5
65771,77620916-3,20.207.549-9
2085,77573185-0,19.141.066-5
23723,77679393-0,21.238.334-K
92496,77603657-9,18.242.359-7
82658,77628113-1,20.587.439-4
43051,77614692-7,19.410.925-4
5609,77572184-7,21.848.445-K
93370,77653123-5,19.333.256-5
42918,77680321-9,19.227.590-1
26874,77591841-1,18.264.462-0
7339,77505442-5,20.396.717-K
34150,77543398-1,20.376.061-3
42839,77636772-9,20.549.983-0
33201,77675839-6,20.173.060-6
36115,77634474-5,19.394.739-2
76178,77665976-2,18.286.050-0
15667,77631864-7,18.227.692-K
27903,77572148-0,18.057.116-5
24960,77537507-8,20.143.435-2
78187,77621395-0,19.296.914-4
72302,77505132-9,18.712.098-5
91079,77631864-7,19.626.955-3
42926,77547893-4,20.987.685-8
96852,77519366-2,20.683.955-6
38140,77564702-7,20.938.338-5
15902,77562017-K,18.249.007-4
84446,77545982-4,20.072.498-K
35164,77637432-6,20.417.883-4
1943,77652987-7,18.985.707-K
58982,77527935-4,20.802.768-K
27221,77543329-9,18.218.221-6
86763,77528262-2,18.710.300-4
93086,77667905-4,18.240.388-7
65812,77536381-9,21.762.929-9
65659,77593311-9,21.762.929-9
64410,77538661-4,19.215.788-4
42686,77522767-2,20.989.019-5
99159,77513205-1,19.653.081-0
83779,77668646-8,20.749.655-9
73805,77547727-K,20.784.349-4
77156,77553309-9,20.508.614-6
73684,77533035-K,19.323.707-3
19693,77572037-9,21.266.944-9
73805,77547727-K,20.475.517-K
7688,77504025-4,20.252.545-8
57103,77563929-6,19.035.935-3
39619,77605608-1,21.896.230-6
24303,77656214-9,20.918.908-3
91231,77592448-9,20.435.111-6
53898,77657068-0,20.918.508-7
74317,77597416-8,21.425.094-8
58786,77557047-4,20.999.485-9
66251,77629525-6,20.934.432-6
36316,77537744-5,21.744.220-1
41252,77534392-3,19.127.189-6
41422,77614541-6,18.823.236-K
77591,77532497-K,20.379.171-1
51153,77619588-K,19.350.312-0
67210,77613554-2,21.650.559-5
59816,77592448-9,18.134.389-5
3653,77663518-9,19.506.723-2
65071,77571387-9,20.170.492-3
93721,77632657-7,20.507.891-2
15302,77612222-K,19.942.579-K
46159,77563929-6,18.831.583-5
2686,77628428-9,18.263.530-7
72406,77588169-0,21.307.999-2
77974,77567034-7,18.704.741-0
28194,77687179-6,20.417.186-8
3496,77602854-1,20.417.186-8
7362,77595416-7,20.699.929-0
88275,77566716-8,20.029.360-4
71475,77571986-9,18.359.029-0
15462,77511148-8,19.679.682-3
34190,77607509-4,19.679.682-3
31204,77591465-3,20.744.749-2
82447,77623921-6,19.638.392-K
2237,77668478-3,20.480.321-7
55223,77574324-7,18.856.901-2
7339,77505442-5,18.170.006-5
76708,77535747-9,18.302.976-2
53536,77523256-0,18.566.005-1
77963,77595234-2,20.602.320-7
83800,77534504-7,20.028.216-8
93946,77606827-6,20.931.047-2
7824,77513073-3,18.843.585-5
9400,77523742-2,21.876.608-8
17249,77537744-5,21.943.509-0
13165,77563357-3,20.227.493-2
67228,77512779-1,18.873.409-2
97538,77609614-8,19.521.682-4
7350,77557934-K,20.032.355-3
11249,77668973-4,19.540.151-1
76991,77644842-7,21.638.350-5
71279,77518789-1,18.786.782-9
49780,77615881-K,20.239.016-8
53947,77655068-K,19.508.876-9
60376,77511648-K,18.110.606-5
97673,77673872-7,18.125.883-4
90598,77621113-3,19.851.673-0
23031,77508068-K,19.785.104-1
86008,77555861-K,20.993.989-K
16257,77505132-9,18.189.722-3
65071,77571387-9,20.510.545-2
18080,77592046-7,19.821.893-4
29286,77555525-4,19.843.351-0
73865,77534392-3,20.427.383-1
70773,77667492-3,19.863.530-3
1686,77509416-8,18.992.123-3
50622,77679393-0,20.484.851-3
96362,77571986-9,20.484.851-3
16401,77688776-5,19.459.633-2
15779,77656847-3,18.797.229-0
23244,77628316-9,18.636.108-5
58136,77582139-6,19.515.430-K
98501,77544441-K,20.923.816-6
78302,77603657-9,20.096.668-K
73693,77521694-8,20.222.298-2
98790,77579418-6,21.502.863-4
16656,77584499-K,19.693.052-4
22575,77642212-6,21.543.266-3
39339,77620103-0,20.696.797-6
66266,77584499-K,19.759.316-2
53947,77655068-K,19.989.458-1
1086,77620892-2,18.120.180-K
95697,77578094-0,20.204.555-9
88342,77591465-3,20.666.580-4
38847,77566723-0,21.678.912-5
78921,77532375-2,21.678.912-5
36115,77634474-5,21.678.912-5
20631,77622955-5,20.837.858-K
46025,77635773-1,20.773.636-5
57494,77562556-2,20.168.637-7
40731,77685207-4,18.631.796-1
6078,77508037-K,19.334.906-4
1307,77545469-5,19.060.819-5
39915,77586425-7,19.224.623-8
34633,77643858-8,19.224.623-8
65718,77658235-2,20.004.519-K
16261,77513164-0,20.220.430-1
62074,77545189-0,18.701.680-1
10026,77667642-K,21.819.776-2
51004,77610411-6,20.877.554-2
96285,77513003-2,21.298.281-K
92444,77634474-5,19.469.606-3
5285,77619993-1,21.033.631-1
40484,77671519-0,20.478.285-0
60554,77547998-1,18.501.315-9
17658,77668906-8,18.769.022-9
1617,77512519-5,21.115.287-2
9900,77625305-7,18.007.501-5
15817,77517894-9,18.064.142-7
46347,77599683-8,20.926.806-8
84483,77582594-4,18.914.126-0
21084,77506168-5,20.982.300-1
15791,77647411-8,19.057.849-6
20686,77505442-5,21.624.184-K
28694,77594817-5,21.674.147-6
34038,77525792-K,18.457.574-3
641,77681408-3,19.036.052-3
77953,77524446-1,20.577.213-1
98212,77505997-4,19.353.738-9
17082,77541225-9,20.793.453-K
29666,77535647-2,18.185.032-6
6408,77640198-6,18.739.019-4
84446,77545982-4,18.739.019-4
43869,77549211-2,20.451.276-1
48557,77642212-6,19.001.182-7
31252,77625052-K,21.384.503-6
95675,77602111-3,20.356.080-4
26329,77672507-2,20.370.243-9
48768,77582843-9,19.278.827-5
42677,77675872-8,19.115.746-5
66314,77526483-7,18.227.431-0
42686,77522767-2,19.241.906-K
16762,77564702-7,18.521.579-2
15373,77582704-1,20.251.957-7
97607,77609243-6,19.046.925-9
54176,77545432-6,19.336.771-1
18842,77512025-8,18.958.596-0
69051,77610917-7,21.110.337-4
9506,77621395-0,19.292.371-4
19146,77609243-6,18.069.508-5
42869,77547371-1,21.885.657-8
94755,77637703-1,18.976.345-0
37983,77616164-0,20.186.000-1
43976,77509416-8,18.572.600-7
51882,77572148-0,20.486.254-9
49029,77628103-4,19.843.290-K
42444,77578098-3,19.619.329-0
64346,77535664-2,18.705.834-0
9364,77564702-7,18.350.439-3
93500,77503168-9,19.312.659-8
81418,77559843-3,18.225.458-2
66535,77563357-3,20.281.197-1
70110,77684149-8,19.861.787-4
75447,77685552-9,19.080.626-K
85639,77638385-6,20.296.928-3
31400,77684074-2,21.801.302-K
27092,77688576-2,20.759.209-3
26329,77672507-2,19.450.678-7
83254,77620103-0,19.747.239-7
19908,77602156-3,19.499.810-8
14568,77538007-1,18.398.771-2
96852,77519366-2,19.993.209-7
95420,77547999-K,21.626.121-8
74983,77544441-K,21.285.081-2
32229,77513843-2,18.085.935-1
54407,77644784-6,20.067.323-2
33979,77602507-0,18.340.748-6
65508,77581668-6,21.579.560-7
69934,77658235-2,20.956.854-5
68962,77514367-3,20.952.238-1
44082,77547998-1,18.363.548-3
18251,77636114-3,19.842.855-5
7650,77553067-7,21.668.986-6
66861,77659574-8,21.668.986-6
38217,77558935-3,21.801.535-3
44880,77578036-3,20.125.258-5
94469,77515938-3,20.633.387-2
99118,77559374-1,20.904.351-8
36013,77644362-K,20.039.376-9
33810,77640248-6,18.489.100-3
55620,77675047-6,19.972.380-8
30983,77569681-8,21.982.118-5
49143,77629078-5,21.982.118-5
31959,77531241-6,20.571.584-4
85279,77630972-9,20.234.286-1
95410,77674814-5,20.778.515-K
24145,77566723-0,18.623.399-5
72302,77505132-9,18.501.829-K
1058,77616246-9,21.304.967-5
75742,77653667-9,20.427.993-8
87643,77517883-3,20.456.217-K
21300,77586031-6,19.706.499-1
29286,77555525-4,18.604.732-K
44889,77600574-6,19.491.071-2
71425,77522767-2,21.602.761-7
3911,77660544-1,20.843.102-5
4689,77628316-9,21.616.919-0
91730,77503907-8,19.009.211-6
80573,77534504-7,20.289.094-2
9217,77632278-4,21.491.037-2
55258,77606779-2,19.546.995-9
81925,77639779-2,19.915.135-0
15537,77610954-1,20.814.985-4
91293,77584892-8,19.160.551-0
39504,77690326-4,20.879.015-0
52820,77627047-4,21.977.915-1
78605,77634445-1,19.132.569-5
31445,77584128-1,21.177.881-7
79169,77504034-3,19.590.395-0
21685,77559435-7,19.397.714-2
99267,77567193-9,19.164.773-K
88262,77559086-6,21.610.129-0
16424,77504791-7,19.032.497-3
96910,77616044-K,19.633.820-5
3236,77595946-0,18.100.697-4
39702,77563357-3,19.264.922-K
7208,77678514-8,19.104.589-1
69359,77668159-8,19.603.371-5
36659,77682773-8,19.829.535-K
56628,77632592-9,20.128.269-1
87274,77632596-1,18.110.953-0
60230,77623736-1,19.119.632-9
9372,77591674-5,20.234.718-5
45298,77505835-8,21.030.336-0
42828,77575622-5,18.750.530-2
30364,77632657-7,20.641.952-4
48458,77644784-6,20.715.550-1
46022,77644099-K,19.828.969-5
78251,77582704-1,20.164.854-1
95146,77611013-2,18.040.945-0
6140,77523256-0,20.013.872-0
46047,77569669-9,20.917.170-0
31795,77520216-5,18.510.600-0
83070,77526227-3,18.510.600-0
50658,77533626-9,19.615.973-9
4664,77569667-2,19.247.946-9
74154,77518048-K,19.606.216-K
37163,77586081-2,19.495.758-1
31042,77586023-5,19.530.867-0
8008,77676101-K,18.422.330-6
96723,77606647-8,18.827.952-8
70648,77503755-5,21.480.469-7
50118,77516538-3,20.484.185-7
56478,77628973-6,20.031.086-K
70535,77586081-2,19.672.854-7
78111,77670143-2,20.854.087-K
30749,77547378-9,20.681.381-K
21289,77643801-4,18.979.567-3
27786,77505997-4,20.432.571-9
69051,77610917-7,20.048.881-K
31573,77637128-9,18.510.679-8
3281,77543596-8,18.781.816-9
23239,77673844-1,19.236.020-3
97064,77588143-7,19.888.420-7
96420,77548846-8,19.417.736-6
168,77656248-3,20.503.745-6
93500,77503168-9,19.025.604-5
55089,77639587-0,20.017.927-4
72713,77562572-4,20.289.527-2
39072,77670071-1,21.237.365-7
96718,77548432-2,20.880.390-2
603,77642615-6,20.686.973-4
63934,77658873-3,20.408.939-5
63593,77638288-4,20.288.299-9
13485,77590623-5,19.678.193-7
30435,77524446-1,19.999.154-5
11384,77525818-7,20.020.965-2
14658,77582594-4,19.568.755-9
627,77636813-K,20.529.576-1
57595,77579363-5,18.161.217-6
9411,77632887-1,20.571.608-1
22408,77547998-1,20.401.786-4
24616,77631602-4,20.171.737-5
37946,77646523-2,18.980.700-0
51578,77649169-1,21.999.360-K
79373,77528936-8,21.466.215-K
8624,77585916-4,21.782.841-4
90497,77638833-5,18.887.935-7
74000,77594817-5,21.392.489-6
38055,77525969-8,21.392.489-6
72406,77588169-0,18.452.648-4
3897,77514881-0,18.396.604-2
26758,77532337-K,20.538.058-2
11880,77514881-0,18.631.807-8
19631,77688776-5,19.553.953-1
73865,77534392-3,19.850.551-8
99735,77689769-8,19.074.290-4
93901,77657321-3,19.777.072-9
92925,77591841-1,20.508.990-2
65071,77571387-9,19.990.381-0
92049,77525524-2,21.473.658-5
85131,77525969-8,20.433.661-0
34918,77596796-K,19.335.320-6
36316,77537744-5,20.538.510-9
86008,77555861-K,20.383.246-6
62049,77660785-1,20.926.007-K
89815,77656514-8,18.616.530-9
36659,77682773-8,18.375.379-9
89863,77688407-3,19.155.721-1
16166,77671436-4,18.031.627-9
51339,77545681-7,19.818.386-0
35442,77596775-7,20.529.304-1
40390,77573484-1,18.236.170-K
3125,77630972-9,20.005.188-7
43212,77574656-4,18.730.545-3
93062,77557525-5,19.952.889-6
14838,77622334-4,20.515.388-0
34366,77547359-2,20.044.419-6
51528,77530589-4,19.920.534-1
35806,77664621-0,19.784.367-8
99486,77593504-9,19.540.250-3
52856,77537507-8,20.721.767-K
55003,77644555-K,21.501.684-0
80675,77579012-1,19.038.842-2
70441,77622236-4,21.733.079-8
53127,77671484-4,20.943.803-6
14168,77591841-1,19.272.941-3
54462,77668646-8,19.164.384-0
40263,77616246-9,19.338.007-5
24484,77533035-K,20.623.107-2
81437,77621815-4,19.196.329-2
51578,77649169-1,20.478.097-5
83375,77555525-4,20.317.862-6
84832,77545469-5,21.230.108-4
80838,77668906-8,19.767.054-9
81758,77596081-7,21.112.534-4
52856,77537507-8,19.200.096-6
58199,77637294-3,20.117.886-3
41654,77673934-0,18.126.615-K
42460,77580815-2,19.622.320-2
9504,77688407-3,20.784.902-6
40278,77650681-8,20.628.355-2
16635,77665299-7,20.741.765-K
64481,77586456-7,20.900.571-2
3114,77551477-9,19.224.439-K
53404,77686509-5,18.380.680-2
77432,77622955-5,18.352.449-1
25325,77528936-8,20.865.881-1
47345,77524238-8,19.501.774-3
67199,77581484-5,21.861.321-2
3855,77606827-6,20.930.644-7
41144,77628113-1,20.343.390-9
26201,77503449-1,20.981.414-7
37289,77514367-3,18.427.757-5
60432,77680307-3,18.818.208-4
67540,77593311-9,19.966.417-9
26951,77588169-0,18.627.491-2
84531,77587721-9,21.701.241-8
2115,77578098-3,19.696.816-0
95745,77631864-7,19.559.666-4
56921,77532497-K,18.603.096-6
44231,77690369-8,21.952.937-9
14033,77597189-4,20.772.421-0
13178,77658338-3,20.175.091-4
26839,77515938-3,20.853.915-2
44988,77503972-8,20.388.141-8
29948,77532291-8,18.227.069-9
30556,77582452-2,19.273.389-3
70735,77658873-3,19.535.590-5
43828,77550796-9,18.734.782-K
36316,77537744-5,20.726.657-3
11463,77657866-5,19.986.930-4
89518,77632841-3,18.732.281-8
65395,77505442-5,19.833.759-4
63355,77675931-7,20.920.346-9
28421,77581668-6,19.391.013-5
57893,77595014-5,21.474.493-2
90709,77620704-7,19.936.678-1
27564,77559086-6,20.071.244-0
1235,77545189-0,19.931.587-K
34883,77633611-4,20.716.757-0
45599,77534442-3,18.863.942-3
25232,77582452-2,20.765.315-9
1666,77687179-6,19.061.656-9
63411,77547998-1,19.278.550-4
8203,77616459-3,19.799.353-3
73865,77534392-3,18.066.940-0
1015,77567201-3,21.244.793-8
12408,77641485-9,19.810.096-0
78224,77637982-4,19.710.472-0
10806,77516623-1,20.403.229-4
62985,77685552-9,21.382.364-8
1354,77662323-7,19.037.041-9
67138,77553067-7,20.493.777-5
42519,77605608-1,18.297.122-8
75198,77631362-9,18.608.937-3
93212,77524446-1,20.963.303-1
75636,77566723-0,19.704.831-6
66314,77526483-7,20.291.094-2
98396,77530256-9,20.291.094-2
94333,77673985-5,20.044.570-8
77731,77547978-7,18.072.959-4
31445,77617103-4,19.163.595-4
10749,77684074-2,20.264.314-7
26201,77503449-1,18.337.433-0
5871,77688576-2,19.847.195-9
16384,77547371-1,19.937.742-7
94221,77532489-9,19.579.605-7
98212,77505997-4,18.938.684-4
57113,77564059-6,19.342.063-3
84566,77602768-5,21.610.228-9
20294,77689769-8,18.721.216-6
7143,77560697-5,19.788.508-0
90667,77593308-9,18.161.801-4
77458,77599467-3,18.150.897-8
6291,77636045-7,18.150.897-8
3897,77514881-0,21.394.309-2
91247,77636698-6,20.521.812-0
2342,77531345-5,20.521.812-0
78474,77591864-0,19.629.204-7
19370,77649169-1,19.629.204-7
56349,77511963-2,20.540.732-0
20365,77595779-4,19.185.037-K
46591,77530091-4,20.307.952-1
13609,77600576-2,20.420.956-9
48142,77567193-9,20.845.072-0
82707,77617654-0,21.196.042-3
88262,77559086-6,19.394.908-K
98212,77505997-4,20.471.951-8
15098,77625834-2,19.966.636-8
1354,77662323-7,19.731.481-3
93531,77644362-K,20.921.291-1
50136,77631464-1,19.471.397-K
23159,77505442-5,20.184.962-2
3774,77530256-9,20.989.990-6
89286,77586456-7,20.989.990-6
6371,77595425-6,20.955.600-0
95511,77668906-8,19.267.286-7
35231,77515431-4,20.359.746-K
97198,77567643-4,20.838.353-2
13692,77649972-2,19.279.437-5
73328,77593445-K,20.740.143-2
84939,77603843-1,19.182.577-2
43411,77681523-3,19.182.577-2
90386,77675361-0,19.028.377-0
61340,77549997-4,19.555.907-9
19437,77586081-2,21.885.592-0
6224,77557017-2,18.432.642-8
67210,77613554-2,18.073.235-2
10842,77557311-2,19.055.382-3
52626,77547321-5,21.666.488-4
51239,77550071-9,19.431.650-5
27658,77538394-1,19.849.438-5
54573,77532841-K,20.100.960-2
77809,77595425-6,18.215.792-1
59871,77505442-5,20.125.310-2
16635,77665299-7,18.583.431-4
69543,77644784-6,18.015.775-7
50882,77619327-5,19.622.671-5
83364,77636114-3,20.782.035-7
63411,77547998-1,20.848.007-6
89256,77505997-4,20.029.834-9
81466,77547999-K,20.097.102-6
65872,77508037-K,20.785.012-0
43986,77617357-6,21.926.589-8
11515,77675058-1,20.210.682-9
1417,77681408-3,21.354.316-3
51444,77593311-9,19.407.577-9
41262,77640146-3,19.670.010-0
81384,77586081-2,18.292.535-K
294,77566939-K,19.399.362-2
96285,77513003-2,20.992.022-3
99168,77627789-4,21.416.477-3
69409,77600554-1,20.294.864-K
42677,77675872-8,19.419.326-3
86882,77528936-8,21.500.489-1
93078,77620103-0,21.174.778-7
52511,77622236-4,19.420.817-3
96123,77524238-8,19.420.817-3
67832,77690369-8,20.279.141-9
99302,77657456-2,20.623.955-7
19135,77606647-8,21.041.775-5
77106,77669736-2,18.975.835-1
97051,77545982-4,20.238.049-9
67004,77637128-9,19.270.565-4
11384,77525818-7,20.261.013-2
5888,77513003-2,19.115.445-6
92925,77591841-1,19.993.769-K
16775,77667642-K,18.424.332-1
31835,77623281-5,20.974.433-2
13465,77506168-5,21.142.980-8
31196,77580815-2,18.704.439-8
65127,77578242-0,20.138.888-9
79011,77513164-0,20.603.343-K
57728,77669241-7,21.089.089-6
51110,77642212-6,18.848.408-6
55258,77606779-2,18.446.160-8
12408,77641485-9,21.546.516-9
47924,77549997-4,18.039.641-7
43051,77614692-7,21.658.446-8
60704,77668809-6,18.138.375-1
91681,77566611-0,19.707.629-5
31445,77617103-4,20.062.592-4
37637,77680431-2,18.710.365-0
63123,77668906-8,21.958.587-5
61984,77643392-6,18.016.723-5
41409,77575973-9,20.325.101-8
76380,77593012-8,19.708.386-3
99612,77621958-4,20.809.752-5
21715,77535602-2,20.108.083-7
73102,77630972-9,20.386.473-K
36996,77686631-8,20.451.994-8
33508,77551303-9,20.186.176-K
72030,77656514-8,18.179.366-4
72862,77652987-7,18.675.240-9
65053,77631864-7,19.674.065-5
81977,77605608-1,19.074.626-6
71594,77614432-0,18.705.611-7
78631,77638833-5,18.471.460-9
15243,77504735-6,18.435.617-1
65816,77580815-2,19.600.140-6
86361,77580499-8,20.537.667-4
68151,77623921-6,20.438.192-0
63885,77504025-4,19.523.230-9
22933,77628007-0,21.037.948-0
90268,77683023-2,21.181.234-8
1727,77629525-6,20.561.325-2
93340,77515938-3,20.534.420-5
98525,77627743-6,21.301.350-8
90652,77630914-1,18.667.084-9
26584,77545759-7,20.292.884-K
28509,77514881-0,21.103.182-7
41667,77650141-7,20.853.477-9
21084,77506168-5,21.525.229-7
91381,77630013-6,20.215.812-1
44527,77594817-5,18.509.763-K
72917,77503753-9,19.532.995-6
92208,77636675-7,20.447.847-2
31191,77553067-7,20.417.333-1
30545,77516664-9,19.303.997-1
10830,77603472-K,20.932.415-2
96718,77548432-2,20.945.836-K
32469,77562017-K,20.236.819-9
30035,77591864-0,21.795.495-8
19330,77541653-K,20.641.439-5
66709,77593308-9,21.792.243-1
6520,77636675-7,20.942.477-6
18935,77505997-4,20.416.884-0
76063,77617103-4,18.808.896-1
72646,77621617-8,20.735.547-3
93880,77547893-4,20.288.860-5
29876,77586081-2,18.337.069-3
10358,77621617-8,19.906.203-1
12737,77682773-8,18.813.870-7
17794,77670143-2,19.723.931-8
38055,77525969-8,20.534.870-1
99214,77657456-2,21.862.362-3
27428,77557934-K,19.264.229-9
15677,77592046-7,21.642.194-8
57818,77529133-8,20.407.306-2
87786,77534392-3,20.639.532-1
76388,77620892-2,20.148.400-0
26733,77612021-9,19.971.011-1
90444,77595643-7,21.081.309-3
19697,77599467-3,19.783.997-7
67139,77669245-K,19.786.852-5
63123,77668906-8,19.410.314-5
65334,77665804-9,19.917.515-6
14249,77524238-8,21.072.226-5
98822,77513289-2,20.375.448-3
13185,77679489-9,21.814.103-9
44052,77581385-7,21.026.630-9
2495,77522767-2,20.063.698-9
39915,77586425-7,20.410.398-2
62493,77649972-2,19.909.904-5
36618,77689769-8,18.305.372-7
44988,77503972-8,18.305.372-7
67739,77562017-K,19.623.610-K
48193,77562017-K,18.910.860-6
13310,77636698-6,18.030.671-0
42869,77547371-1,20.530.589-1
54648,77517883-3,18.296.810-9
24019,77520216-5,21.819.346-7
11160,77657456-2,20.279.811-6
82347,77535664-2,20.966.900-8
85035,77505442-5,18.388.925-0
46828,77567463-6,19.880.157-6
82207,77518357-8,19.087.796-0
54651,77644749-8,19.087.796-0
31203,77505442-5,18.749.651-1
44036,77555283-2,20.075.277-5
16401,77688776-5,20.287.262-0
54891,77515851-4,18.224.229-2
97807,77563087-6,20.411.582-3
69648,77688576-2,20.805.998-5
63641,77657068-0,18.839.643-K
66873,77545878-K,21.730.381-0
85131,77525969-8,20.030.316-6
28020,77636336-7,21.447.845-8
68634,77557311-2,19.750.164-2
12762,77506669-5,19.699.369-1
13384,77632596-1,20.531.506-3
46553,77547999-K,20.406.964-2
69648,77688576-2,21.248.519-3
41639,77584667-4,19.490.971-7
22446,77531353-6,19.295.542-5
32843,77675416-1,19.409.132-3
39810,77656514-8,19.635.949-2
87656,77600325-5,19.094.795-8
98680,77637982-4,19.905.696-K
43579,77557017-2,21.885.958-2
52043,77603843-1,19.075.688-1
29729,77643918-5,20.221.171-3
89476,77504791-7,21.078.339-2
56807,77687783-2,19.356.003-1
67498,77637555-1,19.543.463-8
85211,77607607-4,18.493.977-K
64548,77563357-3,19.706.396-2
20409,77572184-7,20.244.354-8
86034,77572184-7,21.621.185-6
22444,77649888-2,19.689.789-7
50934,77572184-7,20.906.890-5
43736,77599467-3,20.504.750-4
4223,77620916-3,21.311.642-7
39645,77519666-1,21.840.410-2
42828,77575622-5,21.091.515-8
2332,77670143-2,21.594.945-8
19853,77602854-1,21.221.941-5
36645,77513164-0,19.741.065-4
30654,77687212-1,21.852.575-K
57784,77518357-8,20.255.300-3
85279,77630972-9,18.915.594-5
93124,77590334-1,19.758.430-K
3396,77659628-0,19.467.593-1
51310,77637294-3,20.906.008-7
96368,77617858-6,20.164.107-0
33451,77516665-7,21.206.929-0
5609,77572184-7,18.388.763-9
67498,77637555-1,20.151.521-8
63052,77632417-5,19.165.443-6
98604,77639587-0,19.682.013-4
91002,77544863-6,19.064.601-1
39702,77563357-3,19.847.225-5
32844,77591465-3,21.835.274-K
41578,77557988-9,19.658.482-7
89568,77649292-2,18.466.815-9
92117,77559086-6,19.823.358-5
2260,77572037-9,19.551.938-6
46127,77664185-5,21.734.861-2
45599,77534442-3,20.862.051-9
93811,77668906-8,20.968.186-7
51936,77599467-3,18.723.750-6
56349,77511963-2,18.669.104-6
76708,77535747-9,18.969.991-5
78451,77524516-6,20.990.785-4
76380,77593012-8,21.158.412-9
45489,77600721-8,19.516.082-7
93495,77674145-0,19.117.050-4
61988,77627774-6,19.965.460-6
95762,77530589-4,21.530.688-K
51345,77545432-6,20.388.132-1
1086,77620892-2,18.259.512-2
24274,77503592-7,20.254.180-1
2430,77551111-7,19.433.553-0
79574,77663432-8,18.470.964-1
32353,77658343-K,20.760.292-6
29163,77687179-6,20.831.851-3
6600,77541058-2,20.056.058-K
48063,77657456-2,19.469.876-3
70743,77653392-0,19.980.260-2
71698,77654226-1,19.736.931-8
95395,77616984-6,20.533.370-4
58365,77621958-4,20.610.202-K
97411,77582279-1,21.361.276-0
54784,77543239-K,18.126.367-4
55770,77523256-0,20.857.548-4
22597,77683069-0,21.801.125-9
61743,77619993-1,20.707.409-2
28861,77678619-5,18.181.956-6
43052,77663289-9,18.602.269-5
58912,77631864-7,21.333.574-0
76531,77557311-2,19.169.645-7
48137,77656988-7,21.097.781-5
3653,77663518-9,20.517.317-4
38012,77620103-0,19.808.833-7
31083,77516766-1,20.465.524-5
84940,77632278-4,20.283.534-4
38662,77614432-0,20.197.702-4
43117,77531345-5,18.010.053-7
57588,77600554-1,19.392.484-0
67413,77513165-9,18.384.157-4
25203,77657321-3,18.412.522-6
39198,77528936-8,19.272.083-2
98470,77603657-9,20.622.484-2
25837,77587721-9,20.768.014-2
77953,77524446-1,18.514.598-5
32527,77592448-9,19.188.224-7
21084,77506168-5,20.370.345-9
65443,77512191-2,21.580.241-K
21405,77536108-5,19.158.220-9
42362,77595014-5,19.347.798-K
61988,77627774-6,19.767.413-4
337,77674145-0,21.654.692-7
2537,77675839-6,20.151.529-9
25232,77582452-2,19.317.084-6
67895,77584498-1,18.020.887-5
25760,77520216-5,19.376.911-5
67138,77553067-7,20.042.023-K
48742,77687179-6,18.093.055-7
66679,77559247-8,20.757.416-5
22335,77592713-5,20.802.114-9
92945,77519366-2,18.865.036-4
39777,77519366-2,19.490.578-K
98489,77546632-4,19.490.578-K
69548,77588488-6,21.266.209-K
57711,77623818-K,19.266.387-1
67011,77543398-1,21.711.282-4
96183,77560697-5,19.680.169-5
93289,77550071-9,20.131.628-K
60044,77508068-K,21.340.507-7
28742,77593445-K,18.727.469-1
18945,77677671-8,19.573.739-3
95317,77623281-5,19.520.126-9
58395,77617128-K,20.982.469-K
40033,77592089-0,18.618.692-0
80573,77534504-7,19.181.909-2
94374,77569132-8,20.399.164-3
7519,77630224-4,18.048.702-6
7362,77595416-7,20.321.102-K
68881,77664185-5,20.321.102-K
47129,77513164-0,19.953.995-2
72059,77524516-6,20.935.370-1
60527,77673934-0,21.496.495-2
41418,77563929-6,19.258.927-8
80157,77586081-2,19.205.785-1
78474,77591864-0,19.044.308-6
36645,77513164-0,19.113.111-K
56628,77632592-9,21.013.035-1
23016,77676413-2,18.146.605-8
90614,77667643-8,18.100.365-4
59259,77673705-4,20.382.989-3
2540,77564449-4,18.138.507-K
60319,77563087-6,18.777.431-2
84116,77644431-6,18.657.517-1
33516,77516705-K,18.231.283-4
46732,77591465-3,21.051.667-0
75284,77646703-0,21.585.664-8
34794,77672552-8,20.027.286-7
57892,77545681-7,19.260.491-6
26584,77545759-7,20.299.088-6
37133,77684923-5,20.437.443-2
30141,77563357-3,19.464.443-7
67395,77627047-4,19.377.203-4
30047,77651611-2,19.647.059-8
59711,77559435-7,21.879.166-K
7198,77581484-5,19.739.669-4
4229,77584128-1,18.256.907-0
24824,77582704-1,18.134.929-K
3460,77544441-K,19.828.028-6
76446,77676405-1,19.090.668-0
4685,77513165-9,19.033.653-3
93552,77581668-6,21.532.048-0
21796,77603843-1,21.105.397-K
86108,77557988-9,19.059.474-4
97816,77607104-8,21.424.716-8
36659,77607785-2,19.798.799-1
50118,77516538-3,18.122.591-7
7650,77553067-7,18.122.591-7
77106,77669736-2,20.094.834-8
80691,77533626-9,21.299.579-8
33113,77580419-K,19.795.096-K
70783,77613192-K,20.167.520-5
47175,77531124-K,20.407.151-4
5693,77549351-8,20.060.851-5
99739,77609865-5,19.120.527-7
33201,77675839-6,19.119.192-2
57033,77688576-2,19.696.331-5
4417,77631016-6,19.735.300-4
14647,77559112-9,19.429.946-7
1146,77639779-2,19.052.020-1
7122,77511648-K,18.076.295-5
60350,77540217-2,19.161.811-3
40731,77685207-4,21.060.275-8
93212,77592089-0,18.813.053-1
25382,77531478-8,18.600.811-K
55290,77524413-5,18.145.560-8
29050,77672736-9,21.047.609-K
25488,77657456-2,19.024.194-1
83357,77671994-3,19.217.672-5
44975,77575622-5,18.620.032-1
30545,77516664-9,18.070.299-9
96629,77592763-1,20.958.649-4
4401,77683023-2,20.754.979-5
90849,77582139-6,20.157.878-2
82610,77593445-K,19.445.936-4
31854,77572184-7,18.549.382-2
90124,77558935-3,18.225.477-2
9121,77555283-2,19.038.680-4
73328,77593445-K,19.038.680-4
25493,77511648-K,18.313.775-5
61743,77619993-1,18.321.299-1
12762,77506669-5,21.970.636-9
41620,77545759-7,21.970.636-9
47922,77640198-6,18.490.214-7
16291,77639779-2,20.606.723-6
51912,77629639-2,19.703.301-1
63687,77643742-5,19.429.407-3
67895,77584498-1,21.943.094-1
52400,77543329-9,19.950.187-9
21863,77571986-9,19.894.918-1
33771,77534392-3,20.920.664-9
97411,77582279-1,18.466.037-K
30587,77557988-9,20.655.012-3
62068,77653392-0,20.614.112-1
8203,77616459-3,20.614.112-1
22898,77620916-3,18.954.385-8
69648,77688576-2,20.088.625-6
94952,77600521-5,19.225.984-5
13872,77634474-5,20.792.129-2
58293,77668478-3,19.379.384-9
20791,77599084-8,21.941.339-3
11880,77514881-0,21.931.177-1
44669,77675108-1,19.583.187-4
37257,77596796-K,19.078.251-2
84114,77548167-6,20.762.426-3
23561,77513164-0,18.425.500-0
9992,77685236-8,18.425.500-0
57895,77512206-4,21.611.358-4
94985,77639779-2,20.678.713-0
52568,77673934-0,19.609.316-5
57895,77512206-4,19.036.741-4
46678,77581064-5,18.502.941-9
61259,77629079-3,18.411.817-0
70310,77504791-7,19.925.592-1
55297,77613192-K,20.166.864-5
76750,77670477-6,20.795.021-K
90288,77690421-K,20.168.073-0
22597,77683069-0,18.999.675-6
5196,77656214-9,20.775.771-K
49534,77543398-1,18.028.023-8
50118,77516538-3,18.720.083-4
41448,77569669-9,19.004.135-9
57728,77669241-7,20.219.741-4
5313,77545573-K,18.733.193-5
88613,77667351-K,20.183.263-4
69776,77629525-6,18.722.839-2
3111,77610917-7,18.868.723-6
32736,77532442-2,21.611.360-1
18625,77565024-9,21.971.794-6
62716,77633611-4,21.971.794-6
97919,77593741-6,21.971.794-6
68271,77674158-2,19.754.297-6
90273,77532442-2,20.161.991-7
71677,77520756-6,21.050.030-2
33569,77559071-8,21.890.697-7
85573,77610411-6,20.068.814-6
37637,77680431-2,19.500.274-0
68668,77675047-6,19.652.128-K
57187,77633611-4,19.967.865-3
41419,77641456-5,20.456.414-6
10549,77586775-2,20.881.566-0
67432,77529133-8,20.829.476-1
28263,77616459-3,21.866.952-2
30623,77673705-4,19.207.262-3
17463,77541058-2,19.993.584-6
12710,77543239-K,21.011.147-6
70364,77569891-8,19.155.562-6
40984,77543329-9,18.939.727-6
75015,77600277-1,20.963.208-7
55341,77508037-K,21.418.596-8
60326,77639779-2,19.885.486-0
27165,77556295-1,18.941.187-0
76574,77679692-1,21.064.952-0
70072,77616941-2,20.501.281-3
24728,77643801-4,20.350.063-6
73719,77525524-2,19.517.795-3
82207,77644749-8,19.721.955-2
52562,77628103-4,21.014.271-3
53943,77671519-0,19.879.315-0
41357,77624646-8,20.141.056-4
29286,77555525-4,19.250.621-2
82707,77617654-0,20.284.082-1
15166,77557988-9,19.451.292-0
18103,77671519-0,19.684.777-K
93140,77544394-4,19.697.344-7
33555,77531241-6,21.895.579-7
83751,77611113-9,18.167.429-9
89286,77586456-7,18.559.520-2
18400,77610917-7,18.103.503-4
13236,77586775-2,19.309.529-4
60597,77551169-9,19.055.730-2
46127,77664185-5,19.995.951-2
70535,77586081-2,19.363.376-0
98604,77639587-0,19.152.260-3
82591,77557988-9,18.838.215-9
86259,77619206-6,18.713.321-8
44746,77549997-4,20.382.020-5
2115,77578098-3,21.381.913-8
83516,77514128-K,18.017.726-9
16339,77586181-9,20.584.490-9
16284,77687784-0,18.811.691-0
97607,77609243-6,20.039.180-2
18964,77581668-6,20.039.180-2
96015,77679393-0,20.999.279-4
72105,77514881-0,19.222.921-K
37540,77628113-1,19.343.399-4
90329,77631016-6,19.343.399-4
88586,77639997-3,18.719.263-5
93393,77511114-3,20.031.082-1
83751,77611113-9,21.060.742-9
96420,77548846-8,20.126.650-8
14756,77670071-1,19.375.706-7
67427,77575482-6,20.829.200-8
24341,77645373-0,19.746.826-5
95942,77679692-1,18.062.561-7
15495,77591841-1,18.642.794-K
61259,77629079-3,18.364.286-1
18861,77564558-K,21.723.965-5
20061,77652653-3,19.401.329-4
39915,77586425-7,21.615.759-K
46146,77622334-4,21.917.824-5
13562,77640897-2,19.523.673-8
15451,77610411-6,18.791.192-4
93531,77644362-K,20.549.049-6
46828,77567463-6,18.969.042-8
1417,77681408-3,18.969.042-8
88872,77579168-3,19.565.870-K
44004,77594817-5,18.453.828-6
27648,77593012-8,19.632.123-K
92545,77503755-5,21.905.536-5
19721,77636336-7,20.703.888-1
31368,77566682-K,18.540.064-8
20686,77505442-5,18.433.353-3
62068,77653392-0,19.952.948-0
96807,77557084-9,18.954.946-5
26221,77527935-4,21.441.605-5
75636,77566723-0,20.442.104-5
35865,77633611-4,20.740.048-2
43194,77558998-1,20.019.533-5
60529,77509416-8,20.019.533-5
93901,77657321-3,21.411.932-4
66266,77584499-K,19.137.907-5
64849,77649972-2,19.423.695-8
40987,77559374-1,19.878.739-4
7143,77560697-5,18.693.477-8
44889,77600574-6,18.052.495-8
70368,77578098-3,19.924.499-2
90397,77513165-9,20.524.750-3
70546,77602156-3,19.349.732-5
80110,77581668-6,19.312.747-1
5313,77545573-K,20.903.575-8
78216,77668478-3,21.958.878-1
38199,77593445-K,18.027.884-5
90274,77630972-9,18.027.884-5
14033,77597189-4,18.101.222-9
55429,77514128-K,18.861.320-4
79073,77593308-9,20.581.179-8
13230,77506109-K,19.766.387-K
26549,77550071-9,19.950.381-0
22945,77566682-K,18.975.875-4
83671,77586181-9,18.242.271-3
55290,77524413-5,20.371.370-K
95697,77578094-0,20.652.925-6
97816,77607104-8,21.253.677-2
54072,77512025-8,20.736.751-9
9410,77557311-2,20.556.129-1
27158,77647918-7,20.225.366-0
82193,77628316-9,18.174.757-K
11160,77657456-2,21.140.443-2
38724,77614692-7,20.455.467-5
65053,77631864-7,19.473.563-K
14977,77623921-6,19.529.085-2
30305,77566413-4,20.566.030-1
98986,77641144-2,20.256.955-0
92740,77596775-7,18.280.803-5
9506,77621395-0,18.745.776-3
10987,77646638-7,18.209.133-0
92496,77603657-9,21.492.035-1
66440,77567391-5,21.560.655-7
19744,77624646-8,20.819.822-5
32856,77688776-5,19.611.390-5
64522,77519366-2,21.493.860-1
90410,77630773-4,21.987.139-9
12703,77576963-7,20.395.607-8
77952,77677671-8,21.800.675-0
86287,77532489-9,20.998.347-4
51783,77578116-5,19.282.072-6
28720,77514876-4,18.599.530-0
16662,77675361-0,20.016.140-3
51161,77631971-6,18.644.750-0
93721,77632657-7,19.470.814-7
51839,77553417-6,19.824.688-8
89476,77504791-7,19.236.493-7
6288,77591324-K,19.689.876-9
73233,77593741-6,18.358.880-0
83364,77636114-3,19.123.750-1
14472,77668906-8,18.094.922-0
34828,77650681-8,18.094.922-0
91681,77566611-0,19.147.235-7
15582,77553052-9,21.400.615-1
7161,77658873-3,21.409.616-1
56871,77563357-3,20.481.530-2
51239,77550071-9,20.360.457-K
78466,77545878-K,18.511.554-6
19495,77636114-3,21.501.058-1
58351,77512191-2,19.421.254-4
38018,77630972-9,21.292.358-2
71095,77610411-6,19.712.931-8
56425,77638629-4,19.302.478-9
9680,77540567-8,21.181.858-5
40701,77638629-4,20.936.191-4
40987,77559374-1,21.307.543-1
25382,77531478-8,19.641.782-6
87312,77508037-K,20.898.222-K
87472,77545189-0,19.603.400-2
23675,77639587-0,18.078.617-5
74105,77623921-6,21.021.933-6
69009,77543997-1,18.795.847-0
1277,77619588-K,19.977.324-7
33677,77508878-8,20.771.034-7
7903,77613439-2,18.499.629-1
70055,77668809-6,20.772.712-1
28720,77514876-4,19.171.803-7
27953,77547893-4,18.858.177-4
57033,77688576-2,19.986.665-3
34794,77672552-8,21.178.959-9
53072,77674196-5,19.558.493-0
73568,77648278-1,21.582.363-7
49227,77583782-9,20.660.866-5
32736,77532442-2,20.660.866-5
50622,77679393-0,20.721.809-5
37301,77605608-1,19.806.864-1
62844,77580815-2,21.660.115-4
35807,77681523-3,21.250.735-8
38640,77526807-7,20.034.322-9
82658,77628113-1,20.875.132-8
51882,77572148-0,19.773.978-0
38198,77530256-9,20.706.192-7
62844,77580815-2,21.491.653-8
83965,77645373-0,19.294.279-9
6224,77557017-2,18.640.340-2
16629,77614084-8,18.366.208-5
50934,77572184-7,20.402.194-1
57858,77507368-3,20.340.898-9
80098,77644842-7,20.872.622-1
7957,77580499-8,19.884.721-7
55005,77586653-5,20.858.773-3
25699,77628973-6,20.718.916-6
91319,77642212-6,19.250.533-9
84686,77530589-4,20.423.348-3
17595,77534234-K,20.410.505-0
19762,77571986-9,19.712.455-2
85442,77588441-K,19.622.663-K
25493,77511648-K,21.334.767-7
70567,77575622-5,19.404.104-9
95211,77563357-3,18.287.104-4
75742,77653667-9,19.868.951-2
37540,77628113-1,19.451.565-8
22408,77547998-1,20.505.882-9
93454,77529133-8,19.536.992-7
6649,77546964-1,21.533.621-2
29188,77673985-5,18.546.537-5
49672,77685552-9,19.059.563-2
80628,77546964-1,18.439.571-0
20851,77688576-2,20.870.100-8
9156,77533626-9,19.797.138-6
65442,77533035-K,20.556.175-7
4689,77628316-9,19.931.709-0
56148,77504735-6,18.994.892-6
13238,77588441-K,18.860.195-9
22488,77543182-2,18.090.341-2
56071,77593308-9,20.841.864-5
88490,77571596-0,19.015.259-3
23736,77551461-2,18.285.432-6
47991,77516359-3,20.965.919-9
17249,77537744-5,18.714.863-9
6224,77557017-2,19.946.266-4
75272,77574324-7,18.509.825-2
32101,77610917-7,18.076.922-K
67586,77650141-7,19.406.769-K
11157,77549211-2,21.153.094-1
2046,77528988-0,20.502.924-1
72000,77639779-2,18.077.830-4
80555,77636813-K,18.844.186-4
6140,77523256-0,18.480.758-4
11663,77668696-4,21.829.078-2
96745,77558545-5,19.452.801-2
9861,77644664-5,20.219.579-3
37289,77514367-3,19.957.090-K
92737,77663432-8,18.706.224-0
71563,77505049-7,19.322.588-0
25760,77520216-5,18.832.680-4
71557,77649169-1,18.032.183-1
85111,77675526-5,20.782.968-1
51310,77637294-3,20.928.243-0
97159,77661577-3,18.299.707-1
73321,77578094-0,20.997.102-5
93454,77529133-8,20.365.505-2
87854,77535664-2,20.590.146-1
8669,77625418-5,21.202.480-8
59902,77639779-2,19.012.172-4
20686,77505442-5,18.142.393-6
31795,77520216-5,20.867.722-7
59417,77540567-8,20.091.432-0
96285,77513003-2,18.616.610-2
80555,77636813-K,20.306.887-6
73805,77547727-K,21.727.200-3
84940,77632278-4,20.415.136-5
36267,77515938-3,21.490.850-3
52744,77581385-7,19.312.761-4
27473,77592089-0,21.427.958-K
1778,77665627-5,20.652.039-8
37264,77549211-2,19.150.938-5
95020,77657456-2,18.478.184-6
19693,77572037-9,18.119.125-6
90341,77655068-K,18.119.125-6
78251,77582704-1,20.339.338-6
90333,77516359-3,20.339.338-6
49426,77524446-1,20.666.950-9
69934,77658235-2,21.505.692-9
66414,77532337-K,19.457.968-6
57199,77581484-5,20.467.512-5
13435,77531345-5,19.856.438-3
25988,77503592-7,19.117.921-4
22866,77637555-1,19.437.726-2
47001,77510394-9,19.894.425-8
96180,77622988-1,20.931.695-K
71018,77538088-8,20.728.486-6
8032,77640208-7,20.505.661-9
29050,77672736-9,20.505.661-9
77004,77620889-2,19.892.798-0
12737,77682773-8,19.193.237-5
69483,77590623-5,19.015.489-0
7366,77514876-4,18.885.811-1
19476,77575973-9,19.181.256-K
5888,77513003-2,19.875.583-4
89966,77675872-8,21.324.833-6
11904,77643313-6,19.121.227-9
71532,77621113-3,20.850.602-9
22527,77661842-K,19.939.255-6
3260,77580419-K,19.483.484-1
74154,77518048-K,21.498.538-2
61385,77608853-6,21.080.189-0
67011,77543398-1,19.479.521-8
66990,77579012-1,21.157.848-6
41686,77657456-2,20.554.579-1
43457,77514876-4,18.742.705-4
116,77616459-3,20.717.794-9
34263,77590334-1,18.111.032-8
90880,77671436-4,20.220.966-9
36267,77515938-3,19.977.900-K
65659,77593311-9,18.705.648-5
41885,77646703-0,20.589.894-1
49652,77664052-2,18.973.516-9
57751,77645373-0,21.144.014-0
59417,77540567-8,19.792.432-5
35153,77622955-5,20.239.587-8
13746,77588169-0,20.482.601-3
44527,77594817-5,20.326.369-4
90598,77621113-3,18.721.298-7
17284,77671436-4,20.256.168-7
43736,77599467-3,19.908.029-8
89799,77585122-8,19.196.660-1
90536,77660544-1,19.524.894-4
61493,77660237-K,19.760.293-4
62515,77672608-7,19.760.293-4
42880,77558545-5,21.595.264-2
63851,77513003-2,20.949.191-8
47793,77614404-5,18.705.433-3
2114,77518423-K,18.965.124-8
31219,77525969-8,19.892.666-0
17777,77667436-2,20.810.573-3
41654,77673934-0,19.794.316-4
21796,77603843-1,19.794.316-4
97483,77583782-9,19.811.544-3
63918,77565751-0,18.426.130-0
9282,77559071-8,18.426.130-0
32325,77532337-K,19.206.777-0
71092,77602854-1,20.336.716-4
85035,77505442-5,19.238.603-3
58982,77527935-4,21.696.467-0
1501,77543182-2,19.330.122-7
68605,77537893-K,18.182.575-5
39198,77528936-8,19.794.282-2
42848,77554896-7,19.029.576-1
48379,77555861-K,19.453.583-4
35820,77506232-0,19.124.575-K
94325,77507368-3,21.016.181-3
86295,77606647-8,20.353.159-1
33253,77685552-9,18.827.767-0
90668,77591864-0,20.358.787-0
80842,77543398-1,20.171.838-5
52265,77517791-8,21.556.158-2
65442,77533035-K,18.872.498-9
4984,77634474-5,18.760.778-0
30926,77620688-1,20.855.621-9
33810,77640248-6,18.323.835-5
32909,77602854-1,18.085.072-4
90333,77516359-3,19.849.681-3
37575,77667436-2,19.526.718-3
90871,77529133-8,20.535.209-1
22335,77592713-5,19.055.480-8
52265,77517791-8,18.206.892-4
32843,77675416-1,18.297.116-2
5435,77538384-4,19.352.042-0
52562,77628103-4,20.470.322-0
46347,77599683-8,20.621.999-3
10031,77602156-3,18.077.993-1
9156,77533626-9,18.057.749-2
55344,77541058-2,19.470.387-K
54500,77673705-4,21.142.031-0
56076,77650248-0,20.582.386-0
12710,77543239-K,20.228.554-K
43736,77599467-3,21.545.776-5
51161,77631971-6,19.249.908-8
40681,77570161-7,19.685.265-6
96807,77557084-9,19.990.715-1
19398,77549351-8,18.650.499-6
82207,77644749-8,20.885.586-1
11904,77643313-6,18.901.017-9
67783,77688776-5,18.600.797-5
38957,77503753-9,18.266.866-4
68605,77537893-K,18.326.548-K
14658,77582594-4,20.079.176-0
83829,77608765-3,20.218.797-4
98604,77639587-0,21.057.037-8
68190,77596796-K,20.504.546-3
74649,77534392-3,20.539.657-2
63790,77599683-8,20.965.351-3
90858,77578036-3,20.180.710-7
95502,77580407-6,20.104.481-0
4474,77622955-5,20.104.481-0
7254,77630862-5,20.297.379-5
42548,77584128-1,20.474.781-1
34759,77632278-4,20.162.554-2
83218,77580419-K,19.673.214-5
14647,77559112-9,18.150.767-4
36123,77674814-5,18.130.911-5
37404,77563434-0,20.844.960-1
93140,77544394-4,21.704.964-3
83074,77661068-2,20.982.456-K
12396,77690421-K,18.152.038-9
87007,77564065-0,21.079.951-4
40805,77600277-1,18.506.019-K
27786,77505997-4,21.139.584-2
99745,77620892-2,19.486.478-8
1070,77644664-5,19.296.676-4
55297,77613192-K,18.055.356-K
15462,77511148-8,18.285.753-8
2384,77532707-3,18.260.448-8
11880,77514881-0,18.260.448-8
94998,77632278-4,19.525.662-2
60417,77522767-2,19.775.430-K
53358,77524014-8,20.325.712-3
22249,77581064-5,18.231.358-1
76570,77516705-K,21.802.184-5
72406,77588169-0,20.382.714-2
93454,77529133-8,19.574.956-K
51746,77578036-3,19.979.298-8
7208,77678514-8,19.637.682-6
19437,77586081-2,19.862.990-2
70648,77503755-5,19.967.827-8
36995,77538394-1,20.359.395-8
43194,77558998-1,18.814.600-9
39702,77563357-3,19.112.875-0
13795,77625346-4,19.342.590-5
95711,77591558-7,20.853.685-4
39329,77617858-6,20.546.322-4
3496,77602854-1,20.835.537-K
71677,77520756-6,19.446.118-7
41667,77650141-7,19.664.581-0
97783,77563357-3,20.046.950-8
87312,77508037-K,18.735.509-2
70566,77614214-K,18.362.591-0
91648,77578116-5,18.097.747-2
60067,77646829-0,21.660.117-7
38137,77528262-2,21.237.846-3
52471,77602156-3,19.159.468-2
25493,77511648-K,19.912.049-1
79730,77593504-9,19.781.045-4
74392,77585781-1,21.822.382-9
48463,77625824-5,19.100.478-0
67011,77543398-1,21.995.767-1
16904,77525524-2,18.889.352-9
52249,77644362-K,20.592.746-8
11249,77668973-4,20.313.153-5
29314,77609614-8,19.990.142-0
87007,77564065-0,20.278.703-2
94774,77688576-2,20.460.315-9
91247,77636698-6,20.037.799-1
39948,77665588-0,19.587.050-8
90668,77591864-0,20.650.742-4
33225,77559112-9,18.130.923-9
56921,77532497-K,19.163.041-4
42848,77554896-7,20.306.488-8
47799,77632841-3,20.832.168-5
57226,77566723-0,18.032.946-1
45458,77687179-6,20.092.288-1
94605,77687179-6,20.539.658-2
23423,77650062-3,18.691.664-6
7650,77553067-7,20.357.881-4
76063,77617103-4,18.927.128-9
79150,77532337-K,21.615.897-9
93289,77550071-9,19.776.751-K
96718,77548432-2,21.695.504-4
2714,77563929-6,21.979.557-5
15388,77643918-5,21.979.557-5
41357,77624646-8,19.404.559-2
191,77578094-0,18.273.565-9
7254,77630862-5,20.345.236-7
79399,77541044-2,19.087.755-7
42093,77536285-5,19.987.088-3
56924,77630773-4,21.123.643-2
94221,77532489-9,21.583.980-6
94771,77557017-2,19.603.876-1
68448,77549633-9,21.358.347-4
15302,77612222-K,19.786.897-3
37289,77514367-3,20.074.899-2
99211,77613434-1,18.699.772-2
41001,77571336-4,20.468.691-8
74103,77637093-2,20.129.396-3
47333,77687179-6,18.718.570-9
78144,77660493-3,20.667.678-4
66833,77563717-K,20.827.806-4
97607,77609243-6,21.662.173-K
55428,77559112-9,20.806.557-6
70535,77586081-2,20.081.167-6
89815,77656514-8,20.081.167-6
88689,77690421-K,20.105.184-9
55665,77638385-6,21.952.463-2
48770,77630013-6,21.565.158-K
87908,77636772-9,21.565.158-K
72717,77675839-6,21.768.303-9
69684,77686631-8,19.398.285-9
23324,77653667-9,18.342.664-2
41484,77652653-3,20.853.289-4
1171,77579012-1,19.066.646-1
52471,77602156-3,19.899.672-5
78896,77610411-6,18.570.170-K
16339,77586181-9,18.686.117-7
40067,77597353-6,18.263.960-K
31368,77566682-K,18.205.099-5
88981,77644749-8,18.882.590-5
23016,77676413-2,19.736.910-K
44880,77578036-3,20.139.631-5
95675,77602111-3,20.139.631-5
41620,77682439-9,19.846.456-5
39645,77519666-1,20.628.651-4
2046,77528988-0,20.628.651-4
17644,77578094-0,19.437.615-6
65508,77581668-6,20.480.713-9
37367,77505049-7,19.867.813-1
96368,77617858-6,19.882.732-5
76390,77557084-9,18.220.990-4
58664,77534392-3,18.862.702-6
21405,77536108-5,18.876.960-2
66836,77535664-2,18.963.175-2
76799,77647918-7,19.016.889-3
43130,77516282-1,18.053.320-0
97198,77567643-4,18.053.320-0
5720,77592992-8,19.296.695-3
61668,77547378-9,20.229.820-8
2591,77571986-9,19.409.991-3
61640,77562017-K,19.509.885-K
18935,77505997-4,19.509.885-K
15166,77557988-9,21.518.858-1
84996,77545573-K,18.970.108-4
679,77511148-8,20.987.136-5
31150,77591674-5,20.641.457-3
10784,77636772-9,18.840.428-4
67432,77529133-8,18.836.142-0
74983,77544441-K,20.673.408-2
3181,77597938-0,20.568.397-0
77920,77636813-K,18.174.383-1
94684,77591567-6,19.497.618-K
29163,77687179-6,20.380.735-0
17208,77532337-K,19.135.040-8
78224,77637982-4,20.632.357-6
40799,77586081-2,18.203.900-6
66833,77563717-K,19.214.871-5
96420,77548846-8,18.877.314-2
93078,77620103-0,20.377.932-8
92486,77605259-0,18.364.095-5
75699,77585437-5,18.364.095-5
72809,77547998-1,18.246.589-9
95283,77660831-9,19.945.608-7
5968,77673705-4,18.119.856-2
49780,77615881-K,20.557.725-9
57113,77564059-6,18.640.260-0
94957,77689769-8,18.640.260-0
15902,77562017-K,20.668.487-7
6887,77686631-8,20.203.810-7
1782,77596796-K,18.704.068-K
37030,77669912-8,19.206.579-4
66223,77620916-3,18.650.252-1
71290,77689064-2,20.103.539-K
70648,77503755-5,19.693.231-3
8396,77613192-K,19.656.397-0
93685,77522985-3,18.369.501-7
76599,77554896-7,21.350.547-6
79474,77625184-4,21.517.029-K
51110,77642212-6,20.967.593-2
70783,77613192-K,20.831.576-2
42093,77536285-5,18.965.523-9
98501,77544441-K,20.450.974-5
72030,77656514-8,20.901.644-9
38699,77535879-3,20.647.967-9
69959,77640897-2,21.973.905-7
34150,77543398-1,20.686.812-6
74154,77518048-K,19.215.413-5
74339,77586653-5,18.724.787-K
91191,77509416-8,20.919.096-8
58823,77614432-0,20.615.658-2
85757,77549211-2,18.231.449-5
10241,77579418-6,20.254.114-2
22357,77563929-6,18.905.894-8
96723,77606647-8,18.480.200-5
5383,77563357-3,20.017.254-5
29087,77543239-K,20.093.254-7
88981,77644749-8,18.537.389-0
32065,77673701-1,18.766.384-4
66090,77605009-1,20.151.433-1
84180,77529133-8,20.056.692-3
8406,77596796-K,21.815.809-4
92755,77548846-8,21.419.722-8
86763,77528262-2,18.534.665-K
19809,77591465-3,18.224.522-0
60350,77540217-2,19.962.433-3
63891,77598741-3,18.512.911-3
24711,77537744-5,20.300.738-9
55297,77613192-K,19.453.314-3
94947,77667905-4,20.010.722-4
95938,77580815-2,20.010.722-4
71940,77675124-3,19.206.256-9
55544,77623921-6,20.051.080-5
75876,77593445-K,18.307.784-5
13220,77631016-6,19.531.025-K
82135,77661318-5,20.605.088-1
71806,77656558-K,21.933.698-5
83930,77614541-6,18.787.187-2
63052,77632417-5,20.332.241-0
66705,77532442-2,19.931.556-7
49436,77588264-6,18.988.379-8
14890,77513965-K,20.249.201-9
15993,77566723-0,19.181.078-4
53127,77671484-4,20.584.778-2
51936,77599467-3,18.711.681-5
87877,77687179-6,19.153.436-9
5856,77661318-5,20.175.390-4
1782,77596796-K,19.283.882-7
29188,77673985-5,18.255.327-5
9033,77681523-3,19.946.837-6
24161,77569669-9,18.216.666-7
65482,77684149-8,21.283.289-9
95725,77613207-1,20.734.024-3
84566,77602768-5,19.618.460-7
74845,77591219-7,19.162.619-7
27877,77573484-1,19.907.409-6
86508,77672736-9,21.016.582-3
31105,77588264-6,20.902.154-5
87312,77508037-K,20.902.154-5
49164,77651059-9,20.932.867-1
63234,77638629-4,21.778.506-4
66223,77620916-3,18.795.520-K
14180,77609626-1,18.576.862-8
65537,77516665-7,18.972.354-4
78859,77612445-1,20.397.186-8
43869,77549211-2,18.267.145-K
13829,77622988-1,21.539.423-8
32791,77553246-7,18.271.958-8
26878,77643801-4,19.259.283-7
55813,77586181-9,18.302.929-7
16508,77593504-9,20.947.294-6
9547,77544244-1,18.930.472-5
68695,77651611-2,18.244.865-6
61579,77606827-6,18.516.587-3
41262,77640146-3,19.333.465-0
18935,77505997-4,20.419.112-9
95169,77506109-K,19.512.655-4
43958,77672104-2,21.064.495-8
62984,77619206-6,18.919.308-5
16388,77584608-9,21.158.680-0
23244,77628316-9,19.635.983-3
1701,77630972-9,20.951.862-0
81758,77596081-7,21.853.088-K
58170,77582843-9,20.533.857-6
70735,77658873-3,20.696.936-4
60680,77563929-6,20.093.577-4
31105,77588264-6,20.088.841-6
90203,77563357-3,18.229.967-4
19166,77513165-9,20.340.420-9
82708,77660504-2,21.380.581-5
51936,77599467-3,19.055.407-3
46348,77562556-2,19.198.744-9
8392,77514876-4,20.261.732-3
5969,77616459-3,18.254.725-2
91867,77683069-0,19.532.142-0
23677,77584128-1,18.339.775-2
79399,77541044-2,19.375.174-K
16166,77671436-4,20.792.899-9
85607,77591864-0,19.647.084-5
3064,77505997-4,20.213.297-K
98501,77544441-K,20.478.699-7
92939,77518724-7,20.118.345-4
46553,77547999-K,20.931.414-0
29314,77609614-8,21.605.682-0
66437,77580499-8,21.605.682-0
5523,77605608-1,20.931.809-3
54489,77580419-K,20.066.538-0
72059,77524516-6,20.732.833-4
30496,77579418-6,20.096.159-5
71095,77610411-6,20.096.159-5
51335,77531241-6,18.615.230-2
8705,77567463-6,20.226.139-3
13716,77658235-2,19.297.621-1
89206,77690369-8,21.019.745-8
89521,77566413-4,21.604.757-2
60067,77646829-0,20.808.697-8
63687,77643742-5,18.679.963-1
52082,77551169-9,18.118.142-0
85211,77607607-4,18.937.578-9
79730,77593504-9,21.620.866-9
47175,77531124-K,21.842.136-0
93290,77681408-3,18.716.137-3
37751,77563357-3,21.677.770-5
784,77578036-3,21.232.349-2
70743,77653392-0,19.566.391-2
32736,77532442-2,19.749.751-5
92751,77593311-9,20.797.132-0
79896,77636698-6,20.918.851-3
95211,77563357-3,19.474.522-4
55223,77574324-7,19.576.861-8
26079,77639875-6,21.807.264-4
2384,77532707-3,18.380.052-7
16904,77525524-2,20.528.778-6
3437,77580177-8,18.155.384-5
81418,77559843-3,18.975.821-4
80919,77684149-8,21.657.671-0
29566,77671961-7,18.684.402-K
20706,77607734-8,20.242.324-5
16628,77586869-4,18.284.279-4
70226,77657866-5,19.306.549-1
47475,77559374-1,20.364.661-1
70364,77569891-8,19.265.665-2
52400,77543329-9,21.869.561-K
75499,77637703-1,19.293.723-5
92737,77663432-8,19.172.555-7
2319,77607607-4,21.510.597-K
76431,77625349-9,20.186.889-0
52479,77629525-6,21.741.610-0
8008,77676101-K,19.065.968-7
90288,77690421-K,21.463.193-9
65812,77536381-9,20.886.320-9
9504,77688407-3,20.228.531-6
13566,77667436-2,20.169.482-4
1333,77628316-9,21.049.948-8
96285,77513003-2,21.154.083-8
30486,77610882-0,19.354.459-8
3159,77667905-4,18.085.304-7
36948,77676708-5,20.046.710-6
82067,77651145-5,21.209.302-5
41070,77649169-1,20.915.815-1
86340,77585437-5,19.787.001-K
15305,77591219-7,19.852.946-K
66868,77669241-7,21.240.700-8
30858,77605995-1,19.632.454-6
83321,77589245-5,20.276.812-6
99958,77575622-5,19.170.831-5
59880,77668478-3,19.672.489-2
57890,77555861-K,21.804.203-6
66090,77605009-1,20.329.782-3
97159,77661577-3,18.891.158-2
37264,77549211-2,21.310.601-8
82331,77674196-5,20.083.115-7
66836,77535664-2,19.966.475-8
75425,77602156-3,20.380.433-6
73393,77665588-0,19.018.067-6
58392,77616941-2,20.053.587-6
32229,77513843-2,20.955.419-6
18758,77547371-1,21.102.279-K
73425,77508476-6,18.856.443-5
22575,77642212-6,21.164.354-K
47223,77678619-5,21.605.854-2
33188,77668631-K,18.590.467-5
7103,77602572-0,20.839.375-0
92837,77586181-9,20.438.815-4
5181,77505835-8,19.207.394-6
5952,77673844-1,20.192.344-9
51230,77596796-K,18.791.347-9
31674,77678619-5,21.434.086-6
40730,77533604-8,20.184.339-K
80555,77636813-K,20.949.482-0
84853,77563717-K,19.073.617-8
65811,77578036-3,19.869.008-1
41389,77571387-9,19.651.469-6
80110,77581668-6,20.011.092-8
65812,77536381-9,21.965.254-4
16635,77665299-7,19.181.066-3
19721,77636336-7,20.690.478-7
99564,77636152-6,20.960.979-7
11428,77585916-4,19.865.036-2
57305,77571387-9,19.086.609-2
89518,77632841-3,21.342.603-0
79405,77532337-K,20.997.610-6
36087,77586425-7,19.605.168-9
91141,77579363-5,21.202.132-2
92837,77586181-9,20.035.168-9
33826,77675108-1,19.091.325-5
85423,77561831-0,18.777.336-9
444,77535664-2,18.393.537-8
22288,77580177-8,20.426.541-0
33451,77516665-7,20.194.232-2
70223,77599084-8,18.961.371-5
56291,77549997-4,19.211.506-K
65902,77503972-8,18.553.597-0
68116,77545982-4,21.574.209-5
30654,77687212-1,20.161.469-2
66384,77675047-6,20.079.126-8
14064,77513289-2,19.807.576-2
62510,77657899-1,18.838.074-5
49777,77634474-5,18.142.919-8
55794,77607509-4,18.099.154-0
78518,77508853-2,18.801.861-3
69749,77511508-4,20.652.758-9
16292,77618165-K,21.695.287-9
27290,77652653-3,21.199.041-3
68152,77539449-8,20.441.673-K
87173,77685236-8,18.174.924-0
32198,77623281-5,20.926.438-8
28020,77636336-7,20.510.002-0
57199,77581484-5,21.595.190-0
15243,77504735-6,21.974.829-1
20567,77656526-1,18.287.504-4
86034,77572184-7,20.749.023-5
86922,77655068-K,18.580.554-0
63688,77676405-1,20.745.537-3
18484,77507788-3,21.687.906-6
40484,77671519-0,19.141.448-K
70794,77592448-9,21.289.193-K
26006,77579363-5,19.051.131-3
20061,77652653-3,19.920.473-6
73425,77508476-6,19.854.019-1
71573,77621873-1,18.527.951-4
14033,77597189-4,19.718.321-9
21775,77610954-1,20.873.285-5
21428,77641485-9,18.463.351-2
67895,77584498-1,19.371.883-6
84996,77545573-K,20.979.052-7
40176,77600521-5,20.572.948-6
14099,77602134-2,19.969.095-5
64119,77649972-2,20.942.211-3
85088,77689432-K,18.512.323-K
26514,77688576-2,21.279.926-7
59344,77539483-8,18.361.741-1
67586,77650141-7,20.707.986-0
64481,77586456-7,21.907.913-9
31602,77616864-5,19.356.926-1
50136,77631464-1,19.561.315-9
85119,77596796-K,19.764.826-8
88364,77584667-4,19.764.826-8
11249,77668973-4,19.986.284-7
69959,77640897-2,19.273.644-3
38018,77630972-9,18.309.449-6
2714,77563929-6,19.800.324-5
3955,77590379-1,20.814.487-0
56349,77511963-2,18.483.331-1
12396,77690421-K,20.124.660-7
34190,77607509-4,19.142.803-3
18385,77579418-6,21.136.889-1
4627,77563087-6,18.601.799-K
31674,77678619-5,21.745.118-K
37173,77672497-1,18.255.412-2
46956,77558998-1,19.069.255-2
97411,77582279-1,18.964.049-8
87688,77645371-4,18.353.832-0
84960,77600721-8,18.627.719-7
2512,77528936-8,21.556.289-0
39608,77592448-9,19.033.147-4
66771,77603843-1,19.033.147-4
61695,77541044-2,18.387.362-5
8406,77596796-K,20.101.946-6
28416,77524446-1,20.704.046-4
25493,77582452-2,21.889.075-2
7122,77511648-K,19.577.960-7
95420,77547999-K,18.241.729-6
86882,77528936-8,19.805.919-1
82207,77644749-8,20.163.197-4
64277,77518199-0,20.128.902-0
63651,77518724-7,18.188.343-5
61678,77529133-8,20.836.843-9
2115,77578098-3,20.641.585-K
45349,77593101-9,19.982.928-K
60300,77627789-4,19.037.995-4
30364,77632657-7,18.830.774-5
25117,77531673-K,19.780.817-8
20898,77619588-K,18.201.748-9
40731,77685207-4,18.679.828-0
41686,77657456-2,18.095.034-4
28509,77517894-9,19.378.703-1
642,77503168-9,19.711.659-K
79295,77545432-6,21.510.732-3
89260,77628508-0,20.440.650-3
73797,77565751-0,20.808.406-9
79309,77610411-6,20.821.425-9
67004,77637128-9,21.871.162-8
62068,77653392-0,18.950.064-3
69003,77596775-7,20.905.835-1
12609,77563717-K,19.073.628-2
3512,77616984-6,19.547.799-7
57226,77566723-0,19.829.169-0
27088,77656988-7,18.894.747-8
44141,77672082-8,18.604.456-9
5119,77563357-3,19.532.966-5
68365,77585781-1,20.231.253-5
13185,77679489-9,18.343.991-9
14412,77531478-8,20.229.245-0
95371,77686641-5,18.504.085-6
7198,77581484-5,18.287.980-6
51230,77596796-K,20.324.390-K
7824,77513073-3,21.310.582-8
76194,77543997-1,19.034.582-0
70393,77504034-3,20.630.279-4
937,77566716-8,20.630.279-4
22290,77509596-2,19.835.347-2
66820,77547602-8,20.446.083-7
64353,77557934-K,18.524.044-5
38376,77625418-5,20.527.578-4
23122,77640205-2,19.693.746-4
41885,77646703-0,19.507.652-0
15358,77532489-9,20.779.821-3
65482,77684149-8,20.908.048-2
6080,77508037-K,21.754.364-5
1058,77616246-9,20.799.124-1
95872,77686429-3,20.799.124-1
3950,77660643-K,20.349.593-2
16023,77658873-3,19.041.423-2
44583,77526213-3,18.506.035-3
73604,77512897-6,18.492.718-8
27564,77559086-6,19.707.379-K
53820,77685236-8,20.406.491-9
90444,77595643-7,20.534.612-9
2378,77668646-8,18.548.013-7
99551,77593504-9,20.082.614-7
37983,77616164-0,19.649.152-K
77968,77555615-3,20.110.829-0
34772,77628973-6,20.337.417-5
18134,77535747-9,21.160.486-5
92444,77634474-5,20.363.332-0
88262,77559086-6,20.641.657-7
15902,77562017-K,21.990.774-5
11577,77535647-2,19.647.303-8
60887,77634474-5,19.983.611-3
8082,77642631-8,18.964.115-7
68695,77651611-2,18.349.840-6
96531,77642595-8,20.002.032-3
93946,77606827-6,18.236.033-3
57890,77555861-K,21.013.825-0